"Alsacréations","http://emploi.alsacreations.com","Développeur PHP","http://breast-actives.net/ac/nulla/sed/vel.aspx","CDI","14747.01","2/24/2014","4/30/2014","Zava","http://swingular.com/rhoncus/dui/vel/sem/sed/sagittis.aspx","Violet","Paris","06501-0752",57393,"NT","80169-3820","QC","47641-2654"
"Alsacréations","http://emploi.alsacreations.com","Développeur PHP","https://primitiveandproper.blogspot.com/condimentum.xml","CDD","60675.86","3/26/2014","1/14/2014","Abatz","http://nashbratsk.ru/varius/integer/ac/leo/pellentesque/ultrices.js","Maroon","Strasbourg",44669,"16687-5207","YT","17247-8727","AB",78131
"Alsacréations","http://emploi.alsacreations.com","Développeur PHP","http://daft.ie/volutpat/eleifend/donec/ut.jsp","CDI","26163.66","3/6/2014","7/27/2013","Blogtags","https://natursolmar.com/primis/in/faucibus/orci.aspx","Mauv","Nantes",72843,14586,"NL","18689-6004","QC",35955
"Alsacréations","http://emploi.alsacreations.com","Développeur PHP","http://prostopivo.ru/turpis/enim/blandit/mi/in.xml","CDI","92960.30","4/22/2014","7/20/2013","Twitternation","http://flippmy.com/quis.aspx","Khaki","Nantes","16218-0430",19212,"NB","89923-2981","AB","29446-2037"
"Alsacréations","http://emploi.alsacreations.com","Designer","http://mailshayari.com/adipiscing/molestie/hendrerit/at/vulputate/vitae.js","Contrat de professionnalisation","80164.12","8/11/2013","1/25/2014","Skaboo","http://sw-box.com/in/est/risus/auctor/sed/tristique.js","Goldenrod","Nantes",86382,"85542-8277","NB",59293,"AB","98635-8789"
"Alsacréations","http://emploi.alsacreations.com","Développeur Front-end","https://highlandcountypress.com/sit/amet/erat/nulla/tempus/vivamus/in.png","CDD","63043.51","8/17/2013","6/13/2013","Skyble","https://10006016.ir/neque/vestibulum/eget/vulputate/ut.png","Purple","Toulouse",50253,"31361-3792","YT",2061,"NU",33873
"Alsacréations","http://emploi.alsacreations.com","Développeur Symfony","https://pornmade.com/leo/pellentesque/ultrices/mattis/odio/donec.html","CDD","18090.74","8/2/2013","5/12/2014","Omba","http://anonym.to/vivamus/vestibulum/sagittis/sapien/cum/sociis/natoque.aspx","Purple","Lille","75880-8918","79778-1160","QC","13995-1249","NU","05837-0291"
"Alsacréations","http://emploi.alsacreations.com","Développeur ASP","https://macrossworld.com/quam/suspendisse.jsp","CDI","17035.81","8/12/2013","2/16/2014","Realmix","http://kellycash.com/id/nulla/ultrices/aliquet.jsp","Khaki","Strasbourg","70652-3048","00638-4727","NL","53911-0515","MB",63784
"Alsacréations","http://emploi.alsacreations.com","Développeur PHP","https://myeasylinux.wordpress.com/vitae.json","CDI","44441.71","1/10/2014","8/16/2013","Wikizz","https://collincountytx.gov/ut/massa/volutpat/convallis.jsp","Khaki","Lille",93552,"73549-0611","ON","42960-2785","QC","50835-9109"
"Alsacréations","http://emploi.alsacreations.com","Développeur Symfony","https://scriptzmafia.net/sit/amet/eleifend/pede.aspx","CDI","16846.45","1/4/2014","2/25/2014","Yamia","http://applestan.com/semper.jpg","Purple","Paris",46878,"79909-0707","NL","13754-5119","AB","26127-4437"
"Alsacréations","http://emploi.alsacreations.com","Développeur Javascript","http://qq26952113.com/amet/sem/fusce/consequat/nulla.xml","Stage","99921.69","12/14/2013","2/1/2014","Kwinu","http://nativevillage.org/sapien/cum/sociis/natoque/penatibus/et.js","Puce","Paris","41859-9271","18939-3908","QC",15771,"YT","36588-4367"
"Alsacréations","http://emploi.alsacreations.com","Développeur PHP","https://sakhriver.ru/leo/pellentesque/ultrices/mattis/odio/donec.jpg","CDI","84540.65","8/7/2013","8/16/2013","Minyx","http://fusionmultinivel.com/sed/vestibulum/sit/amet/cursus/id.html","Khaki","Toulouse","42252-9237",87418,"NL","20931-2840","ON",84600
"Alsacréations","http://emploi.alsacreations.com","Développeur Javascript","https://radstars.at/sit/amet.jpg","Contrat de professionnalisation","56569.37","11/27/2013","5/4/2014","Topicblab","http://luminox.com/amet/eros/suspendisse/accumsan.js","Violet","Paris","90392-0730","88166-1819","SK",42449,"AB",12780
"Alsacréations","http://emploi.alsacreations.com","Développeur Ruby","https://teamer.ru/ac/tellus.xml","Stage","81888.06","9/26/2013","2/16/2014","Meevee","http://gallalock.com/erat/tortor.aspx","Fuscia","Marseille","04007-0014",39834,"NU",73012,"NT","65534-7723"
"Alsacréations","http://emploi.alsacreations.com","Développeur Javascript","http://quality.com.mx/ultrices/erat/tortor/sollicitudin/mi/sit.js","Stage","90979.41","10/1/2013","5/31/2013","Brainfire","https://cuug.com/mi/pede/malesuada/in/imperdiet/et.jpg","Fuscia","Toulouse","41346-4913",61485,"NL","90458-9850","ON",68903
"Alsacréations","http://emploi.alsacreations.com","Designer","http://homeaway.it/hac/habitasse/platea/dictumst/aliquam/augue/quam.json","CDI","75978.37","6/13/2013","1/12/2014","Twitternation","https://registryagency.bg/pulvinar/nulla.jsp","Khaki","Marseille",48064,"37781-8277","ON","12506-5683","YT",11683
"Alsacréations","http://emploi.alsacreations.com","Intégrateur","https://yeniazerbaycan.com/id/pretium/iaculis/diam/erat.js","Contrat de professionnalisation","28982.37","4/15/2014","12/1/2013","Camido","http://enter-system.com/mattis/pulvinar.jsp","Red","Bordeaux","82895-9400","49648-0054","QC",5045,"NU",66468
"Alsacréations","http://emploi.alsacreations.com","Développeur PHP","http://tmais.com.br/eu.json","Contrat de professionnalisation","15136.97","6/10/2013","5/5/2014","Thoughtstorm","https://tendertiger.com/vestibulum/ac/est/lacinia/nisi.jpg","Pink","Paris","20393-5681","91254-6284","ON",30695,"YT",81384
"Alsacréations","http://emploi.alsacreations.com","Développeur Java","https://npo-hiroba.or.jp/imperdiet/nullam/orci.jsp","Contrat de professionnalisation","27208.39","9/2/2013","1/12/2014","Twitterwire","https://gruposhopping.com/vel/enim/sit.json","Mauv","Paris","39881-6627",96142,"SK","11950-8757","NL","30402-0664"
"Alsacréations","http://emploi.alsacreations.com","Architecte logiciel","https://thinkingcloset.com/eget/elit/sodales/scelerisque/mauris/sit.html","CDD","56332.54","4/24/2014","8/16/2013","Centizu","http://magicmodels.fr/etiam/vel/augue.png","Yellow","Paris",39129,"10620-2612","NT",30126,"PE",73353
"Alsacréations","http://emploi.alsacreations.com","Développeur PHP","https://somode.com/arcu/adipiscing/molestie/hendrerit/at/vulputate.jpg","CDD","10147.82","5/18/2014","1/24/2014","Edgepulse","http://thf598.com/eget/nunc/donec/quis/orci.png","Violet","Toulouse",87610,"81715-1575","QC","81931-3679","SK","30423-3655"
"Alsacréations","http://emploi.alsacreations.com","Chef de projet","https://plugmamo.altervista.org/lorem/ipsum/dolor/sit/amet/consectetuer/adipiscing.png","Contrat de professionnalisation","92386.66","10/27/2013","8/16/2013","Avamba","http://cocomo.to/ac/leo/pellentesque.js","Indigo","Paris","31022-0593",46854,"NT",2989,"NS","26292-0894"
"Alsacréations","http://emploi.alsacreations.com","Designer","http://hckosice.sk/eget/eros.jpg","CDD","97499.81","12/24/2013","11/13/2013","Shuffletag","http://terumiyamoto.com/magna/vestibulum.js","Puce","Paris",73426,73730,"MB","97556-6625","QC",73036
"Alsacréations","http://emploi.alsacreations.com","Chef de projet","http://allthebestblog.co.uk/interdum/venenatis/turpis/enim/blandit.png","CDD","93407.34","4/9/2014","1/7/2014","Cogibox","https://texasbringinghealthyback.net/praesent/lectus/vestibulum/quam/sapien.jpg","Fuscia","Paris","42866-9291",59534,"NT",91077,"SK","71428-1820"
"Alsacréations","http://emploi.alsacreations.com","Développeur Ruby","http://concursos-publicos.net/mauris/laoreet/ut/rhoncus/aliquet.js","Stage","12418.92","1/11/2014","11/2/2013","Yamia","http://infowarsteam.com/ut/massa/volutpat/convallis/morbi/odio.xml","Khaki","Metz","23881-2949",48380,"NT",3544,"NU",37945
"Alsacréations","http://emploi.alsacreations.com","Développeur Javascript","http://acer.at/aenean/auctor.html","Contrat d'apprentissage","90690.51","3/9/2014","12/30/2013","Quamba","http://daynikesblog.com/tellus/nisi/eu/orci.xml","Puce","Paris",84075,"80248-8194","NT","50118-6418","PE","22656-5804"
"Alsacréations","http://emploi.alsacreations.com","Développeur Java","http://dinslekt.no/turpis/integer/aliquet/massa/id/lobortis.xml","CDD","13986.95","3/9/2014","8/28/2013","Youfeed","https://holylandtourstravel.com/adipiscing/elit.json","Aquamarine","Strasbourg","95440-6949","51860-2788","NS","97736-7623","SK","28740-9152"
"Alsacréations","http://emploi.alsacreations.com","Développeur iOS","https://60plusmilfs.com/fusce/lacus.jpg","CDD","12481.91","7/5/2013","10/25/2013","Shufflester","https://techmaza.in/quam/a.js","Orange","Lille","51448-2947","15135-4257","NL","71606-2395","BC",37664
"Alsacréations","http://emploi.alsacreations.com","Développeur C#","http://budget-uae.com/velit/eu/est/congue.jpg","Contrat de professionnalisation","27694.64","12/30/2013","2/27/2014","Camimbo","https://businessenglishpod.com/ipsum/aliquam/non/mauris.jpg","Turquoise","Bordeaux","79303-1854","75775-1402","QC",93882,"NL",23982
"Alsacréations","http://emploi.alsacreations.com","Intégrateur","http://coins-mos.ru/nam/ultrices/libero/non/mattis/pulvinar/nulla.png","Contrat de professionnalisation","60938.51","9/30/2013","4/22/2014","Tavu","http://diaristasgoiania.com.br/sed/tincidunt/eu/felis.json","Indigo","Metz",1662,28324,"NB",63371,"YT","51366-8386"
"Alsacréations","http://emploi.alsacreations.com","Développeur iOS","http://tradewindsfruit.com/in/felis/eu/sapien/cursus.json","CDI","42771.83","2/27/2014","1/15/2014","Skivee","https://natepyle.com/sapien/varius/ut/blandit/non/interdum.jpg","Yellow","Toulouse",24727,36837,"SK","41409-7467","NS","97657-9611"
"Alsacréations","http://emploi.alsacreations.com","Développeur Front-end","http://interascope.biz/donec.png","CDI","74986.69","5/19/2014","12/6/2013","Plajo","http://rubberstamps.net/in/consequat/ut/nulla.json","Green","Nantes",16426,31999,"QC",55303,"BC",55513
"Alsacréations","http://emploi.alsacreations.com","Développeur PHP","https://nipette.com/quis/orci/nullam/molestie/nibh.json","CDI","83067.26","5/20/2014","7/18/2013","Quaxo","http://reliablethemes.com/lectus.jpg","Aquamarine","Lille","03634-9952",68668,"MB","59683-8264","NS","04061-2882"
"Alsacréations","http://emploi.alsacreations.com","Développeur iOS","https://olimpiadi-italiano.it/orci/pede/venenatis/non.jpg","Stage","26985.88","1/29/2014","12/31/2013","Gabspot","https://xu.edu.ph/duis/consequat/dui/nec.png","Mauv","Lille",33386,"99485-4907","ON","00554-9330","QC","79324-7034"
"Alsacréations","http://emploi.alsacreations.com","Développeur PHP","https://femei-moderne.ro/vitae/mattis/nibh/ligula/nec/sem/duis.xml","CDI","23343.80","4/4/2014","11/4/2013","Brainfire","http://jaclaw.pl/primis.jsp","Goldenrod","Marseille","72772-8986","51431-3956","AB",97577,"BC","50178-9476"
"Alsacréations","http://emploi.alsacreations.com","Développeur ASP","https://hotfrog.fr/in/leo/maecenas/pulvinar/lobortis/est.json","Contrat de professionnalisation","87235.36","10/19/2013","4/12/2014","Riffpath","http://makemoneyonlinethisyear.info/porttitor/lorem/id/ligula/suspendisse/ornare/consequat.html","Blue","Nice","13372-1806",69960,"AB","87570-5461","ON",13922
"Alsacréations","http://emploi.alsacreations.com","Développeur C#","https://q444.net/mus.jsp","CDD","54331.26","8/20/2013","2/10/2014","Camido","https://applianceblog.com/blandit/non/interdum/in/ante/vestibulum/ante.json","Yellow","Toulouse","95252-1150",86218,"AB",55472,"SK","71429-8912"
"Alsacréations","http://emploi.alsacreations.com","Développeur Javascript","https://bbspace.org/praesent/lectus.aspx","CDD","22654.00","2/23/2014","6/5/2013","Buzzster","http://venus.com/justo/sit/amet/sapien/dignissim/vestibulum.js","Purple","Paris",23652,"14285-5425","PE",41909,"NB",69912
"Alsacréations","http://emploi.alsacreations.com","Développeur Javascript","http://shopbottools.com/fusce/consequat/nulla/nisl.aspx","Contrat de professionnalisation","75527.90","1/14/2014","6/8/2013","Tazz","https://na-vilke.ru/eu/tincidunt/in/leo.js","Aquamarine","Bordeaux",76489,63707,"YT","36267-5263","QC",3360
"Alsacréations","http://emploi.alsacreations.com","Développeur Ruby","http://alahsaonline.com/turpis/a/pede.jpg","Stage","72347.53","12/19/2013","12/28/2013","Jabbersphere","https://charuleaks.blogspot.in/donec/odio/justo.xml","Turquoise","Paris",31980,"56625-4812","BC",50765,"NS","45602-8319"
"Alsacréations","http://emploi.alsacreations.com","Développeur iOS","http://idea-nigeria.org/ultrices/libero/non/mattis/pulvinar/nulla/pede.png","CDI","35733.00","1/30/2014","2/7/2014","Oozz","http://legit-onlinejobs.com/nullam/sit/amet.json","Maroon","Paris","02547-5725",53258,"QC",70500,"NT",65045
"Alsacréations","http://emploi.alsacreations.com","Développeur iOS","https://91ppc.com/aliquam/quis.aspx","Contrat de professionnalisation","60067.75","4/24/2014","4/17/2014","Skyble","https://angelcapital-inc.com/facilisi.js","Violet","Paris","04305-4846","79315-9816","MB",46935,"PE","59745-6180"
"Alsacréations","http://emploi.alsacreations.com","Chef de projet","https://ezwipers.com/orci.xml","Stage","33191.61","11/19/2013","4/20/2014","Bubblemix","http://aryme.com/sit/amet/sapien/dignissim/vestibulum/vestibulum.js","Fuscia","Paris","17409-4201",65731,"NS",14449,"MB",35610
"Alsacréations","http://emploi.alsacreations.com","Architecte logiciel","https://s0.ucoz.net/lacinia/eget/tincidunt/eget.json","CDI","82453.11","6/3/2013","2/19/2014","BlogXS","http://shana-co.com/ornare/consequat/lectus/in.aspx","Goldenrod","Bordeaux",33488,76219,"BC","01775-1213","NT",92172
"Alsacréations","http://emploi.alsacreations.com","Intégrateur","https://vozz.org/ut/massa.html","Stage","16914.63","12/26/2013","4/5/2014","Brainsphere","http://jobcorps.gov/amet/sapien/dignissim/vestibulum/vestibulum/ante/ipsum.xml","Orange","Strasbourg",38908,"16281-5072","PE","73196-7204","NU",95890
"Alsacréations","http://emploi.alsacreations.com","Développeur Java","http://mylivechat.com/elementum.jpg","CDD","72157.11","1/3/2014","11/10/2013","Livefish","https://banu.blog.163.com/in/ante/vestibulum/ante/ipsum/primis/in.jsp","Aquamarine","Strasbourg","68564-0185","57160-9627","NS",62736,"PE","84769-7486"
"Alsacréations","http://emploi.alsacreations.com","Chef de projet","http://cucoplan.com/augue/vel/accumsan/tellus/nisi/eu/orci.html","Contrat d'apprentissage","47795.47","5/9/2014","11/29/2013","Mydo","http://50toys.com/turpis/elementum/ligula/vehicula/consequat/morbi.json","Puce","Strasbourg",92027,"56778-6278","NS","74253-2823","MB",36702
"Alsacréations","http://emploi.alsacreations.com","Développeur Front-end","http://whey.kz/morbi/quis/tortor.js","Contrat de professionnalisation","10295.51","2/19/2014","5/2/2014","Youspan","https://mexem.ru/id/massa/id/nisl/venenatis/lacinia.png","Mauv","Strasbourg",36163,743,"QC",36485,"YT",74960
"Alsacréations","http://emploi.alsacreations.com","Développeur iOS","http://tastyteenbabe.net/consequat.js","Stage","74958.87","10/27/2013","6/20/2013","Omba","http://maybelline.com/leo/rhoncus.js","Khaki","Toulouse","82253-0518",10532,"MB",40041,"AB",80270
"Alsacréations","http://emploi.alsacreations.com","Développeur C#","https://offcampus4u.blogspot.in/ac/nibh.aspx","Contrat de professionnalisation","50892.75","4/10/2014","5/10/2014","Oyonder","http://thetrendystyle.com/posuere/nonummy/integer/non/velit/donec/diam.jpg","Turquoise","Toulouse","32915-5329","04174-1273","BC",58239,"AB",8796
"Alsacréations","http://emploi.alsacreations.com","Développeur PHP","http://musik4fun.com/justo/morbi/ut/odio.js","Stage","50253.74","6/17/2013","3/20/2014","Realbuzz","https://chefedocinema.com.br/a.html","Mauv","Strasbourg","02573-1775",27809,"ON",31158,"NS",84410
"Alsacréations","http://emploi.alsacreations.com","Développeur ASP","http://gshouse.com.cn/proin/interdum.js","Stage","33565.26","11/6/2013","1/2/2014","Realbridge","http://edevlet.com/integer.aspx","Indigo","Toulouse",62546,"87576-4452","NS",76356,"SK","67172-9111"
"Alsacréations","http://emploi.alsacreations.com","Développeur Java","http://manjur.net/viverra/diam/vitae/quam.aspx","CDD","20499.09","1/19/2014","1/21/2014","Flashset","https://ibda3kitali.blogspot.com/faucibus/orci/luctus.html","Turquoise","Tours",62787,"07441-0789","MB","59724-8754","YT","09570-0277"
"Alsacréations","http://emploi.alsacreations.com","Développeur PHP","https://rmc.ca/augue.html","Contrat de professionnalisation","52106.15","1/6/2014","3/12/2014","Oyonder","https://mondaviarts.org/quisque/porta/volutpat/erat/quisque/erat.xml","Yellow","Paris","23565-4152","70517-5150","YT",47095,"MB",89985
"Alsacréations","http://emploi.alsacreations.com","Développeur C#","http://above.net.tw/nibh/ligula.js","CDI","20570.19","5/13/2014","10/9/2013","Eire","http://sat24.com/curabitur/gravida/nisi.aspx","Green","Paris",44101,"15511-6702","NL","95194-6865","ON",16874
"Alsacréations","http://emploi.alsacreations.com","Développeur Symfony","http://multicien.com/ultrices/aliquet/maecenas/leo.png","Stage","88260.69","2/28/2014","3/7/2014","Dabshots","https://crweb.it/id/mauris/vulputate/elementum/nullam/varius.xml","Indigo","Paris",35439,"54291-8960","NT",24192,"AB",63346
"Alsacréations","http://emploi.alsacreations.com","Intégrateur","https://picpiggy.com/odio/condimentum/id/luctus.jpg","Contrat de professionnalisation","78102.72","10/27/2013","5/7/2014","Yodel","http://futbolconbotas.com/eget/elit/sodales/scelerisque/mauris/sit.png","Pink","Lille",30664,"41847-1896","YT",55528,"MB","55563-8236"
"Alsacréations","http://emploi.alsacreations.com","Intégrateur","http://wpisoteka.pl/consequat/morbi/a/ipsum.jsp","CDD","37252.43","3/30/2014","2/14/2014","Oyoloo","https://s-hoshino.com/interdum/mauris/non/ligula/pellentesque/ultrices/phasellus.jpg","Puce","Marseille",51360,27403,"AB",37641,"NT",19247
"Alsacréations","http://emploi.alsacreations.com","Développeur ASP","http://therapeutique-dermatologique.org/rutrum/ac/lobortis/vel/dapibus.xml","CDI","86251.90","1/19/2014","6/30/2013","Tazz","http://svsgs.com/metus/vitae/ipsum.jpg","Goldenrod","Paris",44798,41300,"NB",22069,"NU","80677-5237"
"Alsacréations","http://emploi.alsacreations.com","Développeur Javascript","http://webdesignpenang.com.my/ultrices/mattis/odio.aspx","CDI","78381.98","12/18/2013","3/3/2014","Avamba","https://beten.nu/bibendum/morbi/non.html","Indigo","Strasbourg",2057,98578,"NL",13847,"MB",64418
"Alsacréations","http://emploi.alsacreations.com","Architecte logiciel","https://ehliyetsinavsonuclar.net/semper/interdum/mauris/ullamcorper/purus/sit/amet.jsp","Stage","96951.94","2/24/2014","6/12/2013","Oyope","http://haohuisheng.com/etiam/faucibus/cursus/urna.jpg","Violet","Rennes","26119-4202","99143-2483","YT",97014,"NL","56584-6893"
"Alsacréations","http://emploi.alsacreations.com","Designer","http://webunika.com/dui/luctus.png","CDI","10198.10","12/5/2013","3/5/2014","Jabbercube","https://yondi.ru/ut/erat/id/mauris/vulputate/elementum/nullam.jsp","Orange","Rennes",71358,"17670-2799","NL",27530,"NS","96074-7989"
"Alsacréations","http://emploi.alsacreations.com","Développeur PHP","http://e-rewardsmedical.com/habitasse/platea/dictumst.xml","Contrat d'apprentissage","41796.69","9/12/2013","1/4/2014","Brightbean","https://supajam.com/duis/ac/nibh.png","Fuscia","Rennes","04017-4169",96932,"ON",47885,"NT","54406-8542"
"Alsacréations","http://emploi.alsacreations.com","Développeur Ruby","http://ibrep.com.br/viverra/diam/vitae/quam/suspendisse.aspx","CDD","32600.40","2/8/2014","4/19/2014","Demimbu","https://verlag-interna.de/in/blandit/ultrices.html","Violet","Toulouse","88784-3732",62794,"QC",5277,"MB","45004-5655"
"Alsacréations","http://emploi.alsacreations.com","Développeur Front-end","http://twiiter.com/nisi.png","Contrat de professionnalisation","68553.67","10/1/2013","4/4/2014","Kimia","http://afashionloveaffair.com/vestibulum/ante/ipsum/primis/in/faucibus.png","Khaki","Nice",4659,"13834-7282","NT",29319,"MB","55646-5964"
"Alsacréations","http://emploi.alsacreations.com","Chef de projet","https://niepraawdopodobne.com.pl/in/hac/habitasse.xml","Stage","82525.11","7/10/2013","4/14/2014","Feedfire","http://searhingpenny.com/interdum/in/ante.jpg","Purple","Paris","90542-8272",66909,"NU",86529,"MB",26850
"Alsacréations","http://emploi.alsacreations.com","Développeur Java","https://zona33preescolar.com/sem/sed/sagittis/nam/congue/risus/semper.xml","Stage","71618.39","6/29/2013","1/26/2014","Yodo","https://iconaircraft.com/congue/risus/semper/porta/volutpat/quam/pede.json","Yellow","Paris",5999,39822,"YT","43931-5171","ON","68800-8972"
"Alsacréations","http://emploi.alsacreations.com","Développeur iOS","http://creareweb.co.uk/tortor/risus/dapibus/augue.jpg","CDD","65340.39","4/3/2014","8/19/2013","Zava","https://ford.gr/libero/convallis/eget.aspx","Crimson","Paris","27643-6273","06526-0002","YT","72913-6788","NS",95821
"Alsacréations","http://emploi.alsacreations.com","Développeur PHP","https://kab24.de/viverra/pede/ac/diam/cras/pellentesque.aspx","Contrat de professionnalisation","97833.30","11/12/2013","9/1/2013","Blogspan","http://tipovi.rs/non/velit/nec/nisi/vulputate/nonummy/maecenas.xml","Puce","Paris",36120,"49956-4576","MB","10367-3909","YT","42077-5631"
"Alsacréations","http://emploi.alsacreations.com","Développeur Symfony","http://dynasyn.com/est/lacinia/nisi/venenatis/tristique.aspx","CDI","95951.42","8/29/2013","10/27/2013","Brightdog","http://eeaa.gov.eg/ut/dolor.xml","Goldenrod","Montpellier","81067-0250",58995,"MB",26942,"QC",77971
"Alsacréations","http://emploi.alsacreations.com","Développeur Symfony","http://iqtube.net/orci/luctus/et/ultrices/posuere.js","CDI","82695.39","10/8/2013","4/20/2014","Gabspot","http://morikinoko.com/eget/tincidunt/eget/tempus/vel.png","Aquamarine","Montpellier","29108-4251",54335,"NT","68275-4257","SK","06128-9367"
"Alsacréations","http://emploi.alsacreations.com","Développeur Javascript","http://compupay.com/amet/lobortis/sapien.png","Contrat d'apprentissage","74923.91","11/10/2013","4/3/2014","Voonte","https://bongda.com.vn/faucibus.xml","Turquoise","Strasbourg","07093-4558",75914,"NS",21370,"NT","03314-0776"
"Alsacréations","http://emploi.alsacreations.com","Développeur Symfony","https://jacqsbloggertips.blogspot.com/ligula/suspendisse.html","Stage","68765.07","8/24/2013","11/2/2013","Divavu","http://resto.az/orci/luctus/et/ultrices/posuere/cubilia.html","Teal","Nantes","44339-5043",56945,"BC",59077,"NL",62417
"Alsacréations","http://emploi.alsacreations.com","Développeur Symfony","http://amana.com/cras/in/purus/eu/magna.js","Contrat d'apprentissage","26200.04","9/5/2013","2/23/2014","Demivee","http://carneargenta.com/suscipit/a/feugiat/et.png","Goldenrod","Lyon",59039,"06491-0447","PE","39293-6056","NS",42504
"Alsacréations","http://emploi.alsacreations.com","Intégrateur","http://poorvikamobile.com/ut/erat/curabitur/gravida.xml","Contrat d'apprentissage","69964.12","5/8/2014","12/6/2013","Zoomdog","http://any.tv/justo/maecenas/rhoncus/aliquam/lacus.png","Yellow","Toulouse",48606,"59460-6523","AB","56162-4808","NT",39913
"Alsacréations","http://emploi.alsacreations.com","Développeur Ruby","http://nda.ac.jp/semper/sapien/a/libero/nam.xml","Contrat de professionnalisation","41454.79","6/26/2013","6/15/2013","Skimia","http://mitsumo-rich.jp/ante/vestibulum/ante.jsp","Pink","Toulouse",77517,62578,"QC",16241,"PE",87863
"Alsacréations","http://emploi.alsacreations.com","Développeur Symfony","https://fcx.org.br/vivamus/tortor/duis.png","CDD","69571.97","9/25/2013","4/17/2014","Centizu","http://xslngy.cn/praesent/lectus/vestibulum/quam/sapien/varius/ut.jpg","Indigo","Paris","77303-2437","28150-0634","BC",21172,"ON",16612
"Alsacréations","http://emploi.alsacreations.com","Architecte logiciel","https://ejocurinoi.net/tristique/in/tempus/sit/amet/sem/fusce.aspx","Stage","68245.36","10/4/2013","12/3/2013","Blogpad","https://autozone.com.mx/quisque/arcu/libero.jsp","Red","Lyon",81443,31209,"YT","94621-2671","YT",78140
"Alsacréations","http://emploi.alsacreations.com","Développeur Front-end","https://guenergy.com/aenean/sit/amet.jsp","CDI","46029.32","1/1/2014","12/4/2013","Demivee","https://bigpondmusic.com/molestie/nibh/in/lectus/pellentesque/at/nulla.png","Blue","Lyon","90247-4729",68968,"QC",69221,"YT",84248
"Alsacréations","http://emploi.alsacreations.com","Développeur PHP","https://saltildirectory.com/tempus/semper/est/quam/pharetra.json","Contrat d'apprentissage","14893.62","3/5/2014","12/7/2013","Roombo","https://inazawa-city.net/sagittis.aspx","Khaki","Marseille",47792,40959,"ON",97605,"NS",44576
"Alsacréations","http://emploi.alsacreations.com","Chef de projet","http://blogshopmagazine.com/a/pede/posuere/nonummy/integer/non.aspx","Stage","91957.29","6/3/2013","1/20/2014","Kazu","http://pub.ro/praesent/lectus.js","Red","Paris",55809,69020,"NB",76580,"BC","14757-1210"
"Alsacréations","http://emploi.alsacreations.com","Développeur Ruby","https://btchflcks.com/suspendisse.jsp","CDD","32619.32","8/25/2013","5/31/2013","Babbleblab","https://trumpette.com/dapibus.jpg","Yellow","Grenoble",29418,60396,"YT","76275-7922","NL",82780
"Alsacréations","http://emploi.alsacreations.com","Intégrateur","http://sharechat.co.nz/arcu/sed/augue/aliquam/erat/volutpat/in.js","Contrat de professionnalisation","52674.65","6/6/2013","4/9/2014","Kwideo","https://sistaminuten.se/in/sapien/iaculis.html","Yellow","Paris","60687-6783",47690,"MB",5084,"MB",34319
"Alsacréations","http://emploi.alsacreations.com","Développeur PHP","http://alifeunprocessed.blogspot.com/congue/risus/semper/porta/volutpat.xml","Contrat d'apprentissage","31260.94","4/30/2014","7/21/2013","Fivebridge","https://brunotorres.net/platea/dictumst/morbi/vestibulum/velit/id/pretium.png","Maroon","Strasbourg","71012-5580","83404-9997","QC","71315-3926","QC","03110-0660"
"Alsacréations","http://emploi.alsacreations.com","Développeur C#","http://isonvacation.com/congue/diam.aspx","Contrat d'apprentissage","26126.53","12/5/2013","11/1/2013","Divavu","https://conferences-asia.com/congue/diam.jsp","Puce","Toulouse",86179,"01056-3995","NS",69640,"AB",22808
"Alsacréations","http://emploi.alsacreations.com","Développeur C#","https://theitdad.net/ut/erat/id/mauris/vulputate/elementum/nullam.jsp","CDI","52029.36","10/26/2013","8/5/2013","Topicshots","https://lv.au.com/tempus.aspx","Green","Lyon",18643,45536,"MB",67399,"YT",98929
"Alsacréations","http://emploi.alsacreations.com","Chef de projet","https://dohadirectory.net/turpis/enim/blandit/mi/in.jpg","CDD","68102.67","9/30/2013","1/3/2014","Youspan","http://countryfile.com/lorem/integer/tincidunt/ante/vel/ipsum.jpg","Red","Paris",36040,43022,"NB","73260-3710","NL","02650-3336"
"Alsacréations","http://emploi.alsacreations.com","Intégrateur","https://scified.com/porttitor/lorem.jpg","Stage","38194.16","1/16/2014","3/30/2014","Edgeclub","https://intellectdesign.ru/auctor/gravida/sem/praesent.png","Violet","Lyon",73895,"12375-8757","NL","52665-7040","ON","87866-6053"
"Alsacréations","http://emploi.alsacreations.com","Développeur PHP","http://6621.cn/aliquet/maecenas/leo/odio/condimentum/id/luctus.html","Contrat de professionnalisation","31866.16","8/11/2013","6/3/2013","Devbug","https://narkop.org/et/commodo/vulputate/justo/in.html","Violet","Nantes","55797-7665",55229,"AB","20253-7728","QC",70231
"Alsacréations","http://emploi.alsacreations.com","Chef de projet","http://gastonemariotti.com/pretium.png","CDD","24266.79","11/21/2013","8/28/2013","Topicblab","https://iqtestexperts.com/nisl/duis/ac/nibh/fusce/lacus.xml","Purple","Lyon",10546,96918,"NS","19738-5563","SK",33847
"Alsacréations","http://emploi.alsacreations.com","Développeur C#","http://optimalspaces.com/vivamus/tortor/duis/mattis/egestas/metus.js","CDI","46190.61","5/23/2013","5/10/2014","Yotz","http://lagu.in/nulla/ultrices/aliquet/maecenas/leo.js","Aquamarine","Nantes","89454-3508",67312,"BC","77506-4905","QC",55738
"Alsacréations","http://emploi.alsacreations.com","Développeur PHP","https://peliculas4dx.com/neque/duis/bibendum/morbi/non/quam/nec.aspx","Contrat de professionnalisation","83951.47","8/22/2013","3/20/2014","Fadeo","http://www-kurs.de/hac.jpg","Green","Tours","52920-9685","25334-0513","YT","61333-4875","BC","68826-5471"
"Alsacréations","http://emploi.alsacreations.com","Chef de projet","http://elheraldo.com.ec/urna.js","CDD","45519.40","6/2/2013","7/16/2013","Jatri","https://zenman.com/orci/eget/orci/vehicula.jsp","Khaki","Marseille",82170,"98604-9010","SK","34596-1146","SK","06941-3844"
"Alsacréations","http://emploi.alsacreations.com","Intégrateur","https://urvaerket.dk/faucibus/cursus/urna.xml","Stage","22248.74","2/14/2014","11/10/2013","Jetpulse","https://earningperclick.com/erat/nulla/tempus/vivamus/in/felis.xml","Teal","Tours","49430-5592",49896,"AB","50538-6746","YT",56060
"Alsacréations","http://emploi.alsacreations.com","Designer","http://highschoolmusic.de/libero/rutrum/ac/lobortis/vel/dapibus.xml","CDD","17668.23","4/13/2014","1/10/2014","Skimia","https://hiphoptechnologies.com/aliquam/augue.json","Indigo","Paris",68248,"63145-2701","NU","11942-3193","NT","43044-5081"
"Alsacréations","http://emploi.alsacreations.com","Chef de projet","https://starzhunter.com/curae/duis.xml","Contrat de professionnalisation","47734.93","9/11/2013","12/28/2013","Yambee","https://tecnologyc.com/nec/dui/luctus/rutrum.jsp","Aquamarine","Nantes","40402-1355","64981-4377","MB",52609,"YT","87250-4681"
"Alsacréations","http://emploi.alsacreations.com","Développeur PHP","https://yiyome.com/eros/vestibulum/ac.html","Contrat d'apprentissage","73048.00","7/18/2013","1/5/2014","Reallinks","https://bazarchic.com/nunc/donec/quis.jpg","Pink","Paris","36048-3494",6284,"NL","28757-1199","QC",8065
"Alsacréations","http://emploi.alsacreations.com","Développeur Javascript","http://redmondtrading.com/ante/ipsum/primis/in/faucibus/orci/luctus.json","Contrat d'apprentissage","42632.14","9/17/2013","9/6/2013","Brightbean","http://linuxmagic.com/nunc/rhoncus/dui.xml","Purple","Paris","09385-2237",91603,"SK","43819-4458","NB",55246
"Alsacréations","http://emploi.alsacreations.com","Développeur PHP","https://methowvalleyherbs.com/sit/amet/nunc/viverra/dapibus.html","CDD","51590.83","8/18/2013","1/3/2014","Voomm","http://cita.lu/eleifend/quam.html","Maroon","Grenoble",26228,77548,"QC","60128-2549","QC",65481
"Alsacréations","http://emploi.alsacreations.com","Designer","https://cpb.gr/fermentum/donec/ut.jsp","CDI","82729.85","9/27/2013","9/1/2013","Centimia","https://manualsocialbookmarks.com/congue.jsp","Indigo","Metz",23375,17353,"PE","23702-3347","AB",80472
